neighbourhood_group,neighbourhood
Bronx,Allerton
Bronx,Baychester
Bronx,Belmont
Bronx,Bronxdale
Bronx,Castle Hill
Bronx,City Island
Bronx,Claremont Village
Bronx,Clason Point
Bronx,Concourse
Bronx,Concourse Village
Bronx,Co-op City
Bronx,Country Club
Bronx,Eastchester
Bronx,East Morrisania
Bronx,Edenwald
Bronx,Fieldston
Bronx,Fordham
Bronx,Highbridge
Bronx,Hunts Point
Bronx,Kingsbridge
Bronx,Longwood
Bronx,Melrose
Bronx,Morrisania
Bronx,Morris Heights
Bronx,Morris Park
Bronx,Mott Haven
Bronx,Mount Eden
Bronx,Mount Hope
Bronx,North Riverdale
Bronx,Norwood
Bronx,Olinville
Bronx,Parkchester
Bronx,Pelham Bay
Bronx,Pelham Gardens
Bronx,Port Morris
Bronx,Riverdale
Bronx,Schuylerville
Bronx,Soundview
Bronx,Spuyten Duyvil
Bronx,Throgs Neck
Bronx,Tremont
Bronx,Unionport
Bronx,University Heights
Bronx,Van Nest
Bronx,Wakefield
Bronx,Westchester Square
Bronx,West Farms
Bronx,Williamsbridge
Bronx,Woodlawn
Brooklyn,Bath Beach
Brooklyn,Bay Ridge
Brooklyn,Bedford-Stuyvesant
Brooklyn,Bensonhurst
Brooklyn,Bergen Beach
Brooklyn,Boerum Hill
Brooklyn,Borough Park
Brooklyn,Brighton Beach
Brooklyn,Brooklyn Heights
Brooklyn,Brownsville
Brooklyn,Bushwick
Brooklyn,Canarsie
Brooklyn,Carroll Gardens
Brooklyn,Clinton Hill
Brooklyn,Cobble Hill
Brooklyn,Columbia St
Brooklyn,Coney Island
Brooklyn,Crown Heights
Brooklyn,Cypress Hills
Brooklyn,Downtown Brooklyn
Brooklyn,DUMBO
Brooklyn,Dyker Heights
Brooklyn,East Flatbush
Brooklyn,East New York
Brooklyn,Flatbush
Brooklyn,Flatlands
Brooklyn,Fort Greene
Brooklyn,Fort Hamilton
Brooklyn,Gerritsen Beach
Brooklyn,Gowanus
Brooklyn,Gravesend
Brooklyn,Greenpoint
Brooklyn,Kensington
Brooklyn,Manhattan Beach
Brooklyn,Midwood
Brooklyn,Mill Basin
Brooklyn,Navy Yard
Brooklyn,Park Slope
Brooklyn,Prospect Heights
Brooklyn,Prospect-Lefferts Gardens
Brooklyn,Red Hook
Brooklyn,Sea Gate
Brooklyn,Sheepshead Bay
Brooklyn,South Slope
Brooklyn,Sunset Park
Brooklyn,Vinegar Hill
Brooklyn,Williamsburg
Brooklyn,Windsor Terrace
Manhattan,Battery Park City
Manhattan,Chelsea
Manhattan,Chinatown
Manhattan,Civic Center
Manhattan,East Harlem
Manhattan,East Village
Manhattan,Financial District
Manhattan,Flatiron District
Manhattan,Gramercy
Manhattan,Greenwich Village
Manhattan,Harlem
Manhattan,Hell's Kitchen
Manhattan,Inwood
Manhattan,Kips Bay
Manhattan,Little Italy
Manhattan,Lower East Side
Manhattan,Marble Hill
Manhattan,Midtown
Manhattan,Morningside Heights
Manhattan,Murray Hill
Manhattan,NoHo
Manhattan,Nolita
Manhattan,Roosevelt Island
Manhattan,SoHo
Manhattan,Stuyvesant Town
Manhattan,Theater District
Manhattan,Tribeca
Manhattan,Two Bridges
Manhattan,Upper East Side
Manhattan,Upper West Side
Manhattan,Washington Heights
Manhattan,West Village
Queens,Arverne
Queens,Astoria
Queens,Bayside
Queens,Bayswater
Queens,Bay Terrace
Queens,Belle Harbor
Queens,Bellerose
Queens,Breezy Point
Queens,Briarwood
Queens,Cambria Heights
Queens,College Point
Queens,Corona
Queens,Ditmars Steinway
Queens,Douglaston
Queens,East Elmhurst
Queens,Edgemere
Queens,Elmhurst
Queens,Far Rockaway
Queens,Flushing
Queens,Forest Hills
Queens,Fresh Meadows
Queens,Glendale
Queens,Glen Oaks
Queens,Hollis
Queens,Hollis Hills
Queens,Holliswood
Queens,Howard Beach
Queens,Jackson Heights
Queens,Jamaica
Queens,Jamaica Estates
Queens,Jamaica Hills
Queens,Kew Gardens
Queens,Kew Gardens Hills
Queens,Laurelton
Queens,Little Neck
Queens,Long Island City
Queens,Maspeth
Queens,Middle Village
Queens,Neponsit
Queens,Ozone Park
Queens,Queens Village
Queens,Rego Park
Queens,Richmond Hill
Queens,Ridgewood
Queens,Rockaway Beach
Queens,Rosedale
Queens,South Ozone Park
Queens,Springfield Gardens
Queens,St. Albans
Queens,Sunnyside
Queens,Whitestone
Queens,Woodhaven
Queens,Woodside
Staten Island,Arden Heights
Staten Island,Arrochar
Staten Island,"Bay Terrace, Staten Island"
Staten Island,Bloomfield
Staten Island,Bull's Head
Staten Island,Castleton Corners
Staten Island,Charleston
Staten Island,"Chelsea, Staten Island"
Staten Island,Clifton
Staten Island,Concord
Staten Island,Dongan Hills
Staten Island,Eltingville
Staten Island,Emerson Hill
Staten Island,Fort Wadsworth
Staten Island,Graniteville
Staten Island,Grant City
Staten Island,Great Kills
Staten Island,Grymes Hill
Staten Island,Howland Hook
Staten Island,Huguenot
Staten Island,Lighthouse Hill
Staten Island,Mariners Harbor
Staten Island,Midland Beach
Staten Island,New Brighton
Staten Island,New Dorp
Staten Island,New Dorp Beach
Staten Island,New Springville
Staten Island,Oakwood
Staten Island,Pleasant Plains
Staten Island,Port Ivory
Staten Island,Port Richmond
Staten Island,Prince's Bay
Staten Island,Randall Manor
Staten Island,Richmondtown
Staten Island,Rosebank
Staten Island,Rossville
Staten Island,Shore Acres
Staten Island,Silver Lake
Staten Island,South Beach
Staten Island,Stapleton
Staten Island,St. George
Staten Island,Todt Hill
Staten Island,Tompkinsville
Staten Island,Tottenville
Staten Island,West Brighton
Staten Island,Westerleigh
Staten Island,Willowbrook
Staten Island,Woodrow
